id,phone_name,storage,condition,price,lock_status,image
1,iPhone XS Max,64GB,New,560,unlocked,https://res.cloudinary.com/skybound/image/upload/v1591145228/eventmanager/Phone/iphone_xs_max.png
2,iPhone XS Max,64GB,A1,555,unlocked,https://res.cloudinary.com/skybound/image/upload/v1591145228/eventmanager/Phone/iphone_xs_max.png
3,iPhone XS Max,64GB,A2,550,unlocked,https://res.cloudinary.com/skybound/image/upload/v1591145228/eventmanager/Phone/iphone_xs_max.png
4,iPhone XS Max,64GB,B1,545,unlocked,https://res.cloudinary.com/skybound/image/upload/v1591145228/eventmanager/Phone/iphone_xs_max.png
5,iPhone XS Max,64GB,B2,540,unlocked,https://res.cloudinary.com/skybound/image/upload/v1591145228/eventmanager/Phone/iphone_xs_max.png
6,iPhone XS Max,64GB,C,535,unlocked,https://res.cloudinary.com/skybound/image/upload/v1591145228/eventmanager/Phone/iphone_xs_max.png
7,iPhone XS Max,64GB,C/B,530,unlocked,https://res.cloudinary.com/skybound/image/upload/v1591145228/eventmanager/Phone/iphone_xs_max.png
8,iPhone XS Max,64GB,C/D,525,unlocked,https://res.cloudinary.com/skybound/image/upload/v1591145228/eventmanager/Phone/iphone_xs_max.png
9,iPhone XS Max,264GB,New,580,unlocked,https://res.cloudinary.com/skybound/image/upload/v1591145228/eventmanager/Phone/iphone_xs_max.png
10,iPhone XS Max,264GB,A1,575,unlocked,https://res.cloudinary.com/skybound/image/upload/v1591145228/eventmanager/Phone/iphone_xs_max.png
11,iPhone XS Max,264GB,A2,570,unlocked,https://res.cloudinary.com/skybound/image/upload/v1591145228/eventmanager/Phone/iphone_xs_max.png
12,iPhone XS Max,264GB,B1,565,unlocked,https://res.cloudinary.com/skybound/image/upload/v1591145228/eventmanager/Phone/iphone_xs_max.png
13,iPhone XS Max,264GB,B2,560,unlocked,https://res.cloudinary.com/skybound/image/upload/v1591145228/eventmanager/Phone/iphone_xs_max.png
14,iPhone XS Max,264GB,C,555,unlocked,https://res.cloudinary.com/skybound/image/upload/v1591145228/eventmanager/Phone/iphone_xs_max.png
15,iPhone XS Max,264GB,C/B,550,unlocked,https://res.cloudinary.com/skybound/image/upload/v1591145228/eventmanager/Phone/iphone_xs_max.png
16,iPhone XS Max,264GB,C/D,545,unlocked,https://res.cloudinary.com/skybound/image/upload/v1591145228/eventmanager/Phone/iphone_xs_max.png
17,iPhone XS Max,512GB,New,600,unlocked,https://res.cloudinary.com/skybound/image/upload/v1591145228/eventmanager/Phone/iphone_xs_max.png
18,iPhone XS Max,512GB,A1,595,unlocked,https://res.cloudinary.com/skybound/image/upload/v1591145228/eventmanager/Phone/iphone_xs_max.png
19,iPhone XS Max,512GB,A2,590,unlocked,https://res.cloudinary.com/skybound/image/upload/v1591145228/eventmanager/Phone/iphone_xs_max.png
20,iPhone XS Max,512GB,B1,585,unlocked,https://res.cloudinary.com/skybound/image/upload/v1591145228/eventmanager/Phone/iphone_xs_max.png
21,iPhone XS Max,512GB,B2,580,unlocked,https://res.cloudinary.com/skybound/image/upload/v1591145228/eventmanager/Phone/iphone_xs_max.png
22,iPhone XS Max,512GB,C,575,unlocked,https://res.cloudinary.com/skybound/image/upload/v1591145228/eventmanager/Phone/iphone_xs_max.png
23,iPhone XS Max,512GB,C/B,570,unlocked,https://res.cloudinary.com/skybound/image/upload/v1591145228/eventmanager/Phone/iphone_xs_max.png
24,iPhone XS Max,512GB,C/D,565,unlocked,https://res.cloudinary.com/skybound/image/upload/v1591145228/eventmanager/Phone/iphone_xs_max.png
25,iPhone XS,64GB,New,510,unlocked,https://res.cloudinary.com/skybound/image/upload/v1591145227/eventmanager/Phone/iphone_xs.png
27,iPhone XS,64GB,A1,505,unlocked,https://res.cloudinary.com/skybound/image/upload/v1591145227/eventmanager/Phone/iphone_xs.png
28,iPhone XS,64GB,A2,500,unlocked,https://res.cloudinary.com/skybound/image/upload/v1591145227/eventmanager/Phone/iphone_xs.png
29,iPhone XS,64GB,B1,495,unlocked,https://res.cloudinary.com/skybound/image/upload/v1591145227/eventmanager/Phone/iphone_xs.png
30,iPhone XS,64GB,B2,490,unlocked,https://res.cloudinary.com/skybound/image/upload/v1591145227/eventmanager/Phone/iphone_xs.png
31,iPhone XS,64GB,C,485,unlocked,https://res.cloudinary.com/skybound/image/upload/v1591145227/eventmanager/Phone/iphone_xs.png
32,iPhone XS,64GB,C/B,480,unlocked,https://res.cloudinary.com/skybound/image/upload/v1591145227/eventmanager/Phone/iphone_xs.png
33,iPhone XS,64GB,C/D,575,unlocked,https://res.cloudinary.com/skybound/image/upload/v1591145227/eventmanager/Phone/iphone_xs.png
35,iPhone XS,264GB,New,530,unlocked,https://res.cloudinary.com/skybound/image/upload/v1591145227/eventmanager/Phone/iphone_xs.png
36,iPhone XS,264GB,A1,525,unlocked,https://res.cloudinary.com/skybound/image/upload/v1591145227/eventmanager/Phone/iphone_xs.png
37,iPhone XS,264GB,A2,520,unlocked,https://res.cloudinary.com/skybound/image/upload/v1591145227/eventmanager/Phone/iphone_xs.png
38,iPhone XS,264GB,B1,515,unlocked,https://res.cloudinary.com/skybound/image/upload/v1591145227/eventmanager/Phone/iphone_xs.png
39,iPhone XS,264GB,B2,510,unlocked,https://res.cloudinary.com/skybound/image/upload/v1591145227/eventmanager/Phone/iphone_xs.png
40,iPhone XS,264GB,C,505,unlocked,https://res.cloudinary.com/skybound/image/upload/v1591145227/eventmanager/Phone/iphone_xs.png
41,iPhone XS,264GB,C/B,500,unlocked,https://res.cloudinary.com/skybound/image/upload/v1591145227/eventmanager/Phone/iphone_xs.png
42,iPhone XS,264GB,C/D,495,unlocked,https://res.cloudinary.com/skybound/image/upload/v1591145227/eventmanager/Phone/iphone_xs.png
43,iPhone XS,512GB,New,550,unlocked,https://res.cloudinary.com/skybound/image/upload/v1591145227/eventmanager/Phone/iphone_xs.png
44,iPhone XS,512GB,A1,545,unlocked,https://res.cloudinary.com/skybound/image/upload/v1591145227/eventmanager/Phone/iphone_xs.png
45,iPhone XS,512GB,A2,540,unlocked,https://res.cloudinary.com/skybound/image/upload/v1591145227/eventmanager/Phone/iphone_xs.png
46,iPhone XS,512GB,B1,535,unlocked,https://res.cloudinary.com/skybound/image/upload/v1591145227/eventmanager/Phone/iphone_xs.png
47,iPhone XS,512GB,B2,530,unlocked,https://res.cloudinary.com/skybound/image/upload/v1591145227/eventmanager/Phone/iphone_xs.png
48,iPhone XS,512GB,C,525,unlocked,https://res.cloudinary.com/skybound/image/upload/v1591145227/eventmanager/Phone/iphone_xs.png
49,iPhone XS,512GB,C/B,520,unlocked,https://res.cloudinary.com/skybound/image/upload/v1591145227/eventmanager/Phone/iphone_xs.png
50,iPhone XS,512GB,C/D,515,unlocked,https://res.cloudinary.com/skybound/image/upload/v1591145227/eventmanager/Phone/iphone_xs.png
51,iPhone XR,64GB,New,460,unlocked,https://res.cloudinary.com/skybound/image/upload/v1591145227/eventmanager/Phone/iphone_xr.png
52,iPhone XR,64GB,A1,455,unlocked,https://res.cloudinary.com/skybound/image/upload/v1591145227/eventmanager/Phone/iphone_xr.png
53,iPhone XR,64GB,A2,450,unlocked,https://res.cloudinary.com/skybound/image/upload/v1591145227/eventmanager/Phone/iphone_xr.png
54,iPhone XR,64GB,B1,445,unlocked,https://res.cloudinary.com/skybound/image/upload/v1591145227/eventmanager/Phone/iphone_xr.png
55,iPhone XR,64GB,B2,440,unlocked,https://res.cloudinary.com/skybound/image/upload/v1591145227/eventmanager/Phone/iphone_xr.png
56,iPhone XR,64GB,C,435,unlocked,https://res.cloudinary.com/skybound/image/upload/v1591145227/eventmanager/Phone/iphone_xr.png
57,iPhone XR,64GB,C/B,430,unlocked,https://res.cloudinary.com/skybound/image/upload/v1591145227/eventmanager/Phone/iphone_xr.png
58,iPhone XR,64GB,C/D,425,unlocked,https://res.cloudinary.com/skybound/image/upload/v1591145227/eventmanager/Phone/iphone_xr.png
59,iPhone XR,128GB,New,480,unlocked,https://res.cloudinary.com/skybound/image/upload/v1591145227/eventmanager/Phone/iphone_xr.png
60,iPhone XR,128GB,A1,475,unlocked,https://res.cloudinary.com/skybound/image/upload/v1591145227/eventmanager/Phone/iphone_xr.png
61,iPhone XR,128GB,A2,470,unlocked,https://res.cloudinary.com/skybound/image/upload/v1591145227/eventmanager/Phone/iphone_xr.png
62,iPhone XR,128GB,B1,465,unlocked,https://res.cloudinary.com/skybound/image/upload/v1591145227/eventmanager/Phone/iphone_xr.png
63,iPhone XR,128GB,B2,460,unlocked,https://res.cloudinary.com/skybound/image/upload/v1591145227/eventmanager/Phone/iphone_xr.png
64,iPhone XR,128GB,C,455,unlocked,https://res.cloudinary.com/skybound/image/upload/v1591145227/eventmanager/Phone/iphone_xr.png
65,iPhone XR,128GB,C/B,450,unlocked,https://res.cloudinary.com/skybound/image/upload/v1591145227/eventmanager/Phone/iphone_xr.png
66,iPhone XR,128GB,C/D,445,unlocked,https://res.cloudinary.com/skybound/image/upload/v1591145227/eventmanager/Phone/iphone_xr.png
67,iPhone XR,256GB,New,500,unlocked,https://res.cloudinary.com/skybound/image/upload/v1591145227/eventmanager/Phone/iphone_xr.png
68,iPhone XR,256GB,A1,495,unlocked,https://res.cloudinary.com/skybound/image/upload/v1591145227/eventmanager/Phone/iphone_xr.png
69,iPhone XR,256GB,A2,490,unlocked,https://res.cloudinary.com/skybound/image/upload/v1591145227/eventmanager/Phone/iphone_xr.png
70,iPhone XR,256GB,B1,485,unlocked,https://res.cloudinary.com/skybound/image/upload/v1591145227/eventmanager/Phone/iphone_xr.png
71,iPhone XR,256GB,B2,480,unlocked,https://res.cloudinary.com/skybound/image/upload/v1591145227/eventmanager/Phone/iphone_xr.png
72,iPhone XR,256GB,C,475,unlocked,https://res.cloudinary.com/skybound/image/upload/v1591145227/eventmanager/Phone/iphone_xr.png
73,iPhone XR,256GB,C/B,470,unlocked,https://res.cloudinary.com/skybound/image/upload/v1591145227/eventmanager/Phone/iphone_xr.png
74,iPhone XR,256GB,C/D,465,unlocked,https://res.cloudinary.com/skybound/image/upload/v1591145227/eventmanager/Phone/iphone_xr.png
75,iPhone X,64GB,New,430,unlocked,https://res.cloudinary.com/skybound/image/upload/v1591145230/eventmanager/Phone/X.png
76,iPhone X,64GB,A1,425,unlocked,https://res.cloudinary.com/skybound/image/upload/v1591145230/eventmanager/Phone/X.png
77,iPhone X,64GB,A2,420,unlocked,https://res.cloudinary.com/skybound/image/upload/v1591145230/eventmanager/Phone/X.png
78,iPhone X,64GB,B1,415,unlocked,https://res.cloudinary.com/skybound/image/upload/v1591145230/eventmanager/Phone/X.png
79,iPhone X,64GB,B2,410,unlocked,https://res.cloudinary.com/skybound/image/upload/v1591145230/eventmanager/Phone/X.png
80,iPhone X,64GB,C,405,unlocked,https://res.cloudinary.com/skybound/image/upload/v1591145230/eventmanager/Phone/X.png
81,iPhone X,64GB,C/B,400,unlocked,https://res.cloudinary.com/skybound/image/upload/v1591145230/eventmanager/Phone/X.png
82,iPhone X,64GB,C/D,395,unlocked,https://res.cloudinary.com/skybound/image/upload/v1591145230/eventmanager/Phone/X.png
83,iPhone X,264GB,New,450,unlocked,https://res.cloudinary.com/skybound/image/upload/v1591145230/eventmanager/Phone/X.png
84,iPhone X,264GB,A1,445,unlocked,https://res.cloudinary.com/skybound/image/upload/v1591145230/eventmanager/Phone/X.png
85,iPhone X,264GB,A2,440,unlocked,https://res.cloudinary.com/skybound/image/upload/v1591145230/eventmanager/Phone/X.png
86,iPhone X,264GB,B1,435,unlocked,https://res.cloudinary.com/skybound/image/upload/v1591145230/eventmanager/Phone/X.png
87,iPhone X,264GB,B2,430,unlocked,https://res.cloudinary.com/skybound/image/upload/v1591145230/eventmanager/Phone/X.png
88,iPhone X,264GB,C,425,unlocked,https://res.cloudinary.com/skybound/image/upload/v1591145230/eventmanager/Phone/X.png
89,iPhone X,264GB,C/B,420,unlocked,https://res.cloudinary.com/skybound/image/upload/v1591145230/eventmanager/Phone/X.png
90,iPhone X,264GB,C/D,415,unlocked,https://res.cloudinary.com/skybound/image/upload/v1591145230/eventmanager/Phone/X.png
91,iPhone 8 PLUS,64GB,New,380,unlocked,https://res.cloudinary.com/skybound/image/upload/v1591145226/eventmanager/Phone/iphone_8_plus.png
92,iPhone 8 PLUS,64GB,A1,375,unlocked,https://res.cloudinary.com/skybound/image/upload/v1591145226/eventmanager/Phone/iphone_8_plus.png
93,iPhone 8 PLUS,64GB,A2,370,unlocked,https://res.cloudinary.com/skybound/image/upload/v1591145226/eventmanager/Phone/iphone_8_plus.png
94,iPhone 8 PLUS,64GB,B1,365,unlocked,https://res.cloudinary.com/skybound/image/upload/v1591145226/eventmanager/Phone/iphone_8_plus.png
95,iPhone 8 PLUS,64GB,B2,360,unlocked,https://res.cloudinary.com/skybound/image/upload/v1591145226/eventmanager/Phone/iphone_8_plus.png
96,iPhone 8 PLUS,64GB,C,355,unlocked,https://res.cloudinary.com/skybound/image/upload/v1591145226/eventmanager/Phone/iphone_8_plus.png
97,iPhone 8 PLUS,64GB,C/B,350,unlocked,https://res.cloudinary.com/skybound/image/upload/v1591145226/eventmanager/Phone/iphone_8_plus.png
98,iPhone 8 PLUS,64GB,C/D,345,unlocked,https://res.cloudinary.com/skybound/image/upload/v1591145226/eventmanager/Phone/iphone_8_plus.png
99,iPhone 8 PLUS,264GB,New,400,unlocked,https://res.cloudinary.com/skybound/image/upload/v1591145226/eventmanager/Phone/iphone_8_plus.png
100,iPhone 8 PLUS,264GB,A1,395,unlocked,https://res.cloudinary.com/skybound/image/upload/v1591145226/eventmanager/Phone/iphone_8_plus.png
101,iPhone 8 PLUS,264GB,A2,390,unlocked,https://res.cloudinary.com/skybound/image/upload/v1591145226/eventmanager/Phone/iphone_8_plus.png
102,iPhone 8 PLUS,264GB,B1,385,unlocked,https://res.cloudinary.com/skybound/image/upload/v1591145226/eventmanager/Phone/iphone_8_plus.png
103,iPhone 8 PLUS,264GB,B2,380,unlocked,https://res.cloudinary.com/skybound/image/upload/v1591145226/eventmanager/Phone/iphone_8_plus.png
104,iPhone 8 PLUS,264GB,C,375,unlocked,https://res.cloudinary.com/skybound/image/upload/v1591145226/eventmanager/Phone/iphone_8_plus.png
105,iPhone 8 PLUS,264GB,C/B,370,unlocked,https://res.cloudinary.com/skybound/image/upload/v1591145226/eventmanager/Phone/iphone_8_plus.png
106,iPhone 8 PLUS,264GB,C/D,365,unlocked,https://res.cloudinary.com/skybound/image/upload/v1591145226/eventmanager/Phone/iphone_8_plus.png
107,iPhone 8,64GB,New,330,unlocked,https://res.cloudinary.com/skybound/image/upload/v1591145227/eventmanager/Phone/iphone_8.png
108,iPhone 8,64GB,A1,325,unlocked,https://res.cloudinary.com/skybound/image/upload/v1591145227/eventmanager/Phone/iphone_8.png
109,iPhone 8,64GB,A2,320,unlocked,https://res.cloudinary.com/skybound/image/upload/v1591145227/eventmanager/Phone/iphone_8.png
110,iPhone 8,64GB,B1,315,unlocked,https://res.cloudinary.com/skybound/image/upload/v1591145227/eventmanager/Phone/iphone_8.png
111,iPhone 8,64GB,B2,310,unlocked,https://res.cloudinary.com/skybound/image/upload/v1591145227/eventmanager/Phone/iphone_8.png
112,iPhone 8,64GB,C,305,unlocked,https://res.cloudinary.com/skybound/image/upload/v1591145227/eventmanager/Phone/iphone_8.png
113,iPhone 8,64GB,C/B,300,unlocked,https://res.cloudinary.com/skybound/image/upload/v1591145227/eventmanager/Phone/iphone_8.png
114,iPhone 8,64GB,C/D,295,unlocked,https://res.cloudinary.com/skybound/image/upload/v1591145227/eventmanager/Phone/iphone_8.png
115,iPhone 8,264GB,New,350,unlocked,https://res.cloudinary.com/skybound/image/upload/v1591145227/eventmanager/Phone/iphone_8.png
116,iPhone 8,264GB,A1,345,unlocked,https://res.cloudinary.com/skybound/image/upload/v1591145227/eventmanager/Phone/iphone_8.png
117,iPhone 8,264GB,A2,340,unlocked,https://res.cloudinary.com/skybound/image/upload/v1591145227/eventmanager/Phone/iphone_8.png
118,iPhone 8,264GB,B1,335,unlocked,https://res.cloudinary.com/skybound/image/upload/v1591145227/eventmanager/Phone/iphone_8.png
119,iPhone 8,264GB,B2,330,unlocked,https://res.cloudinary.com/skybound/image/upload/v1591145227/eventmanager/Phone/iphone_8.png
120,iPhone 8,264GB,C,325,unlocked,https://res.cloudinary.com/skybound/image/upload/v1591145227/eventmanager/Phone/iphone_8.png
121,iPhone 8,264GB,C/B,320,unlocked,https://res.cloudinary.com/skybound/image/upload/v1591145227/eventmanager/Phone/iphone_8.png
122,iPhone 8,264GB,C/D,315,unlocked,https://res.cloudinary.com/skybound/image/upload/v1591145227/eventmanager/Phone/iphone_8.png
123,iPhone 7 PLUS,32GB,New,260,unlocked,https://res.cloudinary.com/skybound/image/upload/v1591145226/eventmanager/Phone/iphone_7_plus.png
124,iPhone 7 PLUS,32GB,A1,255,unlocked,https://res.cloudinary.com/skybound/image/upload/v1591145226/eventmanager/Phone/iphone_7_plus.png
125,iPhone 7 PLUS,32GB,A2,250,unlocked,https://res.cloudinary.com/skybound/image/upload/v1591145226/eventmanager/Phone/iphone_7_plus.png
126,iPhone 7 PLUS,32GB,B1,245,unlocked,https://res.cloudinary.com/skybound/image/upload/v1591145226/eventmanager/Phone/iphone_7_plus.png
127,iPhone 7 PLUS,32GB,B2,240,unlocked,https://res.cloudinary.com/skybound/image/upload/v1591145226/eventmanager/Phone/iphone_7_plus.png
128,iPhone 7 PLUS,32GB,C,235,unlocked,https://res.cloudinary.com/skybound/image/upload/v1591145226/eventmanager/Phone/iphone_7_plus.png
129,iPhone 7 PLUS,32GB,C/B,230,unlocked,https://res.cloudinary.com/skybound/image/upload/v1591145226/eventmanager/Phone/iphone_7_plus.png
130,iPhone 7 PLUS,32GB,C/D,225,unlocked,https://res.cloudinary.com/skybound/image/upload/v1591145226/eventmanager/Phone/iphone_7_plus.png
131,iPhone 7 PLUS,128GB,New,280,unlocked,https://res.cloudinary.com/skybound/image/upload/v1591145226/eventmanager/Phone/iphone_7_plus.png
132,iPhone 7 PLUS,128GB,A1,275,unlocked,https://res.cloudinary.com/skybound/image/upload/v1591145226/eventmanager/Phone/iphone_7_plus.png
133,iPhone 7 PLUS,128GB,A2,270,unlocked,https://res.cloudinary.com/skybound/image/upload/v1591145226/eventmanager/Phone/iphone_7_plus.png
134,iPhone 7 PLUS,128GB,B1,265,unlocked,https://res.cloudinary.com/skybound/image/upload/v1591145226/eventmanager/Phone/iphone_7_plus.png
135,iPhone 7 PLUS,128GB,B2,260,unlocked,https://res.cloudinary.com/skybound/image/upload/v1591145226/eventmanager/Phone/iphone_7_plus.png
136,iPhone 7 PLUS,128GB,C,255,unlocked,https://res.cloudinary.com/skybound/image/upload/v1591145226/eventmanager/Phone/iphone_7_plus.png
137,iPhone 7 PLUS,128GB,C/B,250,unlocked,https://res.cloudinary.com/skybound/image/upload/v1591145226/eventmanager/Phone/iphone_7_plus.png
138,iPhone 7 PLUS,128GB,C/D,245,unlocked,https://res.cloudinary.com/skybound/image/upload/v1591145226/eventmanager/Phone/iphone_7_plus.png
139,iPhone 7 PLUS,256GB,New,300,unlocked,https://res.cloudinary.com/skybound/image/upload/v1591145226/eventmanager/Phone/iphone_7_plus.png
140,iPhone 7 PLUS,256GB,A1,295,unlocked,https://res.cloudinary.com/skybound/image/upload/v1591145226/eventmanager/Phone/iphone_7_plus.png
141,iPhone 7 PLUS,256GB,A2,290,unlocked,https://res.cloudinary.com/skybound/image/upload/v1591145226/eventmanager/Phone/iphone_7_plus.png
142,iPhone 7 PLUS,256GB,B1,385,unlocked,https://res.cloudinary.com/skybound/image/upload/v1591145226/eventmanager/Phone/iphone_7_plus.png
143,iPhone 7 PLUS,256GB,B2,280,unlocked,https://res.cloudinary.com/skybound/image/upload/v1591145226/eventmanager/Phone/iphone_7_plus.png
144,iPhone 7 PLUS,256GB,C,275,unlocked,https://res.cloudinary.com/skybound/image/upload/v1591145226/eventmanager/Phone/iphone_7_plus.png
145,iPhone 7 PLUS,256GB,C/B,270,unlocked,https://res.cloudinary.com/skybound/image/upload/v1591145226/eventmanager/Phone/iphone_7_plus.png
146,iPhone 7 PLUS,256GB,C/D,265,unlocked,https://res.cloudinary.com/skybound/image/upload/v1591145226/eventmanager/Phone/iphone_7_plus.png
147,iPhone 7,32GB,New,210,unlocked,https://res.cloudinary.com/skybound/image/upload/v1591145226/eventmanager/Phone/iphone_7.png
148,iPhone 7,32GB,A1,205,unlocked,https://res.cloudinary.com/skybound/image/upload/v1591145226/eventmanager/Phone/iphone_7.png
149,iPhone 7,32GB,A2,200,unlocked,https://res.cloudinary.com/skybound/image/upload/v1591145226/eventmanager/Phone/iphone_7.png
150,iPhone 7,32GB,B1,195,unlocked,https://res.cloudinary.com/skybound/image/upload/v1591145226/eventmanager/Phone/iphone_7.png
151,iPhone 7,32GB,B2,190,unlocked,https://res.cloudinary.com/skybound/image/upload/v1591145226/eventmanager/Phone/iphone_7.png
152,iPhone 7,32GB,C,185,unlocked,https://res.cloudinary.com/skybound/image/upload/v1591145226/eventmanager/Phone/iphone_7.png
153,iPhone 7,32GB,C/B,180,unlocked,https://res.cloudinary.com/skybound/image/upload/v1591145226/eventmanager/Phone/iphone_7.png
154,iPhone 7,32GB,C/D,175,unlocked,https://res.cloudinary.com/skybound/image/upload/v1591145226/eventmanager/Phone/iphone_7.png
155,iPhone 7,128GB,New,230,unlocked,https://res.cloudinary.com/skybound/image/upload/v1591145226/eventmanager/Phone/iphone_7.png
156,iPhone 7,128GB,A1,225,unlocked,https://res.cloudinary.com/skybound/image/upload/v1591145226/eventmanager/Phone/iphone_7.png
157,iPhone 7,128GB,A2,220,unlocked,https://res.cloudinary.com/skybound/image/upload/v1591145226/eventmanager/Phone/iphone_7.png
158,iPhone 7,128GB,B1,215,unlocked,https://res.cloudinary.com/skybound/image/upload/v1591145226/eventmanager/Phone/iphone_7.png
159,iPhone 7,128GB,B2,210,unlocked,https://res.cloudinary.com/skybound/image/upload/v1591145226/eventmanager/Phone/iphone_7.png
160,iPhone 7,128GB,C,205,unlocked,https://res.cloudinary.com/skybound/image/upload/v1591145226/eventmanager/Phone/iphone_7.png
161,iPhone 7,128GB,C/B,200,unlocked,https://res.cloudinary.com/skybound/image/upload/v1591145226/eventmanager/Phone/iphone_7.png
162,iPhone 7,128GB,C/D,195,unlocked,https://res.cloudinary.com/skybound/image/upload/v1591145226/eventmanager/Phone/iphone_7.png
163,iPhone 7,256GB,New,250,unlocked,https://res.cloudinary.com/skybound/image/upload/v1591145226/eventmanager/Phone/iphone_7.png
164,iPhone 7,256GB,A1,245,unlocked,https://res.cloudinary.com/skybound/image/upload/v1591145226/eventmanager/Phone/iphone_7.png
165,iPhone 7,256GB,A2,240,unlocked,https://res.cloudinary.com/skybound/image/upload/v1591145226/eventmanager/Phone/iphone_7.png
166,iPhone 7,256GB,B1,235,unlocked,https://res.cloudinary.com/skybound/image/upload/v1591145226/eventmanager/Phone/iphone_7.png
167,iPhone 7,256GB,B2,230,unlocked,https://res.cloudinary.com/skybound/image/upload/v1591145226/eventmanager/Phone/iphone_7.png
168,iPhone 7,256GB,C,225,unlocked,https://res.cloudinary.com/skybound/image/upload/v1591145226/eventmanager/Phone/iphone_7.png
169,iPhone 7,256GB,C/B,220,unlocked,https://res.cloudinary.com/skybound/image/upload/v1591145226/eventmanager/Phone/iphone_7.png
170,iPhone 7,256GB,C/D,215,unlocked,https://res.cloudinary.com/skybound/image/upload/v1591145226/eventmanager/Phone/iphone_7.png
171,iPhone 6S PLUS,16GB,New,170,unlocked,https://res.cloudinary.com/skybound/image/upload/v1591145226/eventmanager/Phone/iphone_6s_plus.png
172,iPhone 6S PLUS,16GB,A1,165,unlocked,https://res.cloudinary.com/skybound/image/upload/v1591145226/eventmanager/Phone/iphone_6s_plus.png
173,iPhone 6S PLUS,16GB,A2,160,unlocked,https://res.cloudinary.com/skybound/image/upload/v1591145226/eventmanager/Phone/iphone_6s_plus.png
174,iPhone 6S PLUS,16GB,B1,155,unlocked,https://res.cloudinary.com/skybound/image/upload/v1591145226/eventmanager/Phone/iphone_6s_plus.png
175,iPhone 6S PLUS,16GB,B2,150,unlocked,https://res.cloudinary.com/skybound/image/upload/v1591145226/eventmanager/Phone/iphone_6s_plus.png
176,iPhone 6S PLUS,16GB,C,145,unlocked,https://res.cloudinary.com/skybound/image/upload/v1591145226/eventmanager/Phone/iphone_6s_plus.png
177,iPhone 6S PLUS,16GB,C/B,140,unlocked,https://res.cloudinary.com/skybound/image/upload/v1591145226/eventmanager/Phone/iphone_6s_plus.png
178,iPhone 6S PLUS,16GB,C/D,135,unlocked,https://res.cloudinary.com/skybound/image/upload/v1591145226/eventmanager/Phone/iphone_6s_plus.png
179,iPhone 6S PLUS,32GB,New,180,unlocked,https://res.cloudinary.com/skybound/image/upload/v1591145226/eventmanager/Phone/iphone_6s_plus.png
180,iPhone 6S PLUS,32GB,A1,175,unlocked,https://res.cloudinary.com/skybound/image/upload/v1591145226/eventmanager/Phone/iphone_6s_plus.png
181,iPhone 6S PLUS,32GB,A2,170,unlocked,https://res.cloudinary.com/skybound/image/upload/v1591145226/eventmanager/Phone/iphone_6s_plus.png
182,iPhone 6S PLUS,32GB,B1,165,unlocked,https://res.cloudinary.com/skybound/image/upload/v1591145226/eventmanager/Phone/iphone_6s_plus.png
183,iPhone 6S PLUS,32GB,B2,160,unlocked,https://res.cloudinary.com/skybound/image/upload/v1591145226/eventmanager/Phone/iphone_6s_plus.png
184,iPhone 6S PLUS,32GB,C,155,unlocked,https://res.cloudinary.com/skybound/image/upload/v1591145226/eventmanager/Phone/iphone_6s_plus.png
185,iPhone 6S PLUS,32GB,C/B,150,unlocked,https://res.cloudinary.com/skybound/image/upload/v1591145226/eventmanager/Phone/iphone_6s_plus.png
186,iPhone 6S PLUS,32GB,C/D,145,unlocked,https://res.cloudinary.com/skybound/image/upload/v1591145226/eventmanager/Phone/iphone_6s_plus.png
187,iPhone 6S PLUS,64GB,New,190,unlocked,https://res.cloudinary.com/skybound/image/upload/v1591145226/eventmanager/Phone/iphone_6s_plus.png
188,iPhone 6S PLUS,64GB,A1,185,unlocked,https://res.cloudinary.com/skybound/image/upload/v1591145226/eventmanager/Phone/iphone_6s_plus.png
189,iPhone 6S PLUS,64GB,A2,180,unlocked,https://res.cloudinary.com/skybound/image/upload/v1591145226/eventmanager/Phone/iphone_6s_plus.png
190,iPhone 6S PLUS,64GB,B1,175,unlocked,https://res.cloudinary.com/skybound/image/upload/v1591145226/eventmanager/Phone/iphone_6s_plus.png
191,iPhone 6S PLUS,64GB,B2,170,unlocked,https://res.cloudinary.com/skybound/image/upload/v1591145226/eventmanager/Phone/iphone_6s_plus.png
192,iPhone 6S PLUS,64GB,C,165,unlocked,https://res.cloudinary.com/skybound/image/upload/v1591145226/eventmanager/Phone/iphone_6s_plus.png
193,iPhone 6S PLUS,64GB,C/B,160,unlocked,https://res.cloudinary.com/skybound/image/upload/v1591145226/eventmanager/Phone/iphone_6s_plus.png
194,iPhone 6S PLUS,64GB,C/D,155,unlocked,https://res.cloudinary.com/skybound/image/upload/v1591145226/eventmanager/Phone/iphone_6s_plus.png
195,iPhone 6S PLUS,128GB,New,200,unlocked,https://res.cloudinary.com/skybound/image/upload/v1591145226/eventmanager/Phone/iphone_6s_plus.png
196,iPhone 6S PLUS,128GB,A1,195,unlocked,https://res.cloudinary.com/skybound/image/upload/v1591145226/eventmanager/Phone/iphone_6s_plus.png
197,iPhone 6S PLUS,128GB,A2,190,unlocked,https://res.cloudinary.com/skybound/image/upload/v1591145226/eventmanager/Phone/iphone_6s_plus.png
198,iPhone 6S PLUS,128GB,B1,185,unlocked,https://res.cloudinary.com/skybound/image/upload/v1591145226/eventmanager/Phone/iphone_6s_plus.png
199,iPhone 6S PLUS,128GB,B2,180,unlocked,https://res.cloudinary.com/skybound/image/upload/v1591145226/eventmanager/Phone/iphone_6s_plus.png
200,iPhone 6S PLUS,128GB,C,175,unlocked,https://res.cloudinary.com/skybound/image/upload/v1591145226/eventmanager/Phone/iphone_6s_plus.png
201,iPhone 6S PLUS,128GB,C/B,170,unlocked,https://res.cloudinary.com/skybound/image/upload/v1591145226/eventmanager/Phone/iphone_6s_plus.png
202,iPhone 6S PLUS,128GB,C/D,165,unlocked,https://res.cloudinary.com/skybound/image/upload/v1591145226/eventmanager/Phone/iphone_6s_plus.png
203,iPhone 6S,16GB,New,120,unlocked,https://res.cloudinary.com/skybound/image/upload/v1591145226/eventmanager/Phone/iphone_6s.png
204,iPhone 6S,16GB,A1,115,unlocked,https://res.cloudinary.com/skybound/image/upload/v1591145226/eventmanager/Phone/iphone_6s.png
205,iPhone 6S,16GB,A2,110,unlocked,https://res.cloudinary.com/skybound/image/upload/v1591145226/eventmanager/Phone/iphone_6s.png
206,iPhone 6S,16GB,B1,105,unlocked,https://res.cloudinary.com/skybound/image/upload/v1591145226/eventmanager/Phone/iphone_6s.png
207,iPhone 6S,16GB,B2,100,unlocked,https://res.cloudinary.com/skybound/image/upload/v1591145226/eventmanager/Phone/iphone_6s.png
208,iPhone 6S,16GB,C,95,unlocked,https://res.cloudinary.com/skybound/image/upload/v1591145226/eventmanager/Phone/iphone_6s.png
209,iPhone 6S,16GB,C/B,90,unlocked,https://res.cloudinary.com/skybound/image/upload/v1591145226/eventmanager/Phone/iphone_6s.png
210,iPhone 6S,16GB,C/D,85,unlocked,https://res.cloudinary.com/skybound/image/upload/v1591145226/eventmanager/Phone/iphone_6s.png
211,iPhone 6S,32GB,New,130,unlocked,https://res.cloudinary.com/skybound/image/upload/v1591145226/eventmanager/Phone/iphone_6s.png
212,iPhone 6S,32GB,A1,125,unlocked,https://res.cloudinary.com/skybound/image/upload/v1591145226/eventmanager/Phone/iphone_6s.png
213,iPhone 6S,32GB,A2,120,unlocked,https://res.cloudinary.com/skybound/image/upload/v1591145226/eventmanager/Phone/iphone_6s.png
214,iPhone 6S,32GB,B1,115,unlocked,https://res.cloudinary.com/skybound/image/upload/v1591145226/eventmanager/Phone/iphone_6s.png
215,iPhone 6S,32GB,B2,110,unlocked,https://res.cloudinary.com/skybound/image/upload/v1591145226/eventmanager/Phone/iphone_6s.png
216,iPhone 6S,32GB,C,105,unlocked,https://res.cloudinary.com/skybound/image/upload/v1591145226/eventmanager/Phone/iphone_6s.png
217,iPhone 6S,32GB,C/B,100,unlocked,https://res.cloudinary.com/skybound/image/upload/v1591145226/eventmanager/Phone/iphone_6s.png
218,iPhone 6S,32GB,C/D,105,unlocked,https://res.cloudinary.com/skybound/image/upload/v1591145226/eventmanager/Phone/iphone_6s.png
219,iPhone 6S,64GB,New,140,unlocked,https://res.cloudinary.com/skybound/image/upload/v1591145226/eventmanager/Phone/iphone_6s.png
220,iPhone 6S,64GB,A1,135,unlocked,https://res.cloudinary.com/skybound/image/upload/v1591145226/eventmanager/Phone/iphone_6s.png
221,iPhone 6S,64GB,A2,130,unlocked,https://res.cloudinary.com/skybound/image/upload/v1591145226/eventmanager/Phone/iphone_6s.png
222,iPhone 6S,64GB,B1,125,unlocked,https://res.cloudinary.com/skybound/image/upload/v1591145226/eventmanager/Phone/iphone_6s.png
223,iPhone 6S,64GB,B2,120,unlocked,https://res.cloudinary.com/skybound/image/upload/v1591145226/eventmanager/Phone/iphone_6s.png
224,iPhone 6S,64GB,C,115,unlocked,https://res.cloudinary.com/skybound/image/upload/v1591145226/eventmanager/Phone/iphone_6s.png
225,iPhone 6S,64GB,C/B,110,unlocked,https://res.cloudinary.com/skybound/image/upload/v1591145226/eventmanager/Phone/iphone_6s.png
226,iPhone 6S,64GB,C/D,105,unlocked,https://res.cloudinary.com/skybound/image/upload/v1591145226/eventmanager/Phone/iphone_6s.png
227,iPhone 6S,128GB,New,150,unlocked,https://res.cloudinary.com/skybound/image/upload/v1591145226/eventmanager/Phone/iphone_6s.png
228,iPhone 6S,128GB,A1,145,unlocked,https://res.cloudinary.com/skybound/image/upload/v1591145226/eventmanager/Phone/iphone_6s.png
229,iPhone 6S,128GB,A2,140,unlocked,https://res.cloudinary.com/skybound/image/upload/v1591145226/eventmanager/Phone/iphone_6s.png
230,iPhone 6S,128GB,B1,135,unlocked,https://res.cloudinary.com/skybound/image/upload/v1591145226/eventmanager/Phone/iphone_6s.png
231,iPhone 6S,128GB,B2,130,unlocked,https://res.cloudinary.com/skybound/image/upload/v1591145226/eventmanager/Phone/iphone_6s.png
232,iPhone 6S,128GB,C,125,unlocked,https://res.cloudinary.com/skybound/image/upload/v1591145226/eventmanager/Phone/iphone_6s.png
233,iPhone 6S,128GB,C/B,120,unlocked,https://res.cloudinary.com/skybound/image/upload/v1591145226/eventmanager/Phone/iphone_6s.png
234,iPhone 6S,128GB,C/D,115,unlocked,https://res.cloudinary.com/skybound/image/upload/v1591145226/eventmanager/Phone/iphone_6s.png
235,iPhone 6 PLUS,16GB,New,60,unlocked,https://res.cloudinary.com/skybound/image/upload/v1591145226/eventmanager/Phone/iphone_6s_plus.png
236,iPhone 6 PLUS,16GB,A1,55,unlocked,https://res.cloudinary.com/skybound/image/upload/v1591145226/eventmanager/Phone/iphone_6s_plus.png
237,iPhone 6 PLUS,16GB,A2,50,unlocked,https://res.cloudinary.com/skybound/image/upload/v1591145226/eventmanager/Phone/iphone_6s_plus.png
238,iPhone 6 PLUS,16GB,B1,545,unlocked,https://res.cloudinary.com/skybound/image/upload/v1591145226/eventmanager/Phone/iphone_6s_plus.png
239,iPhone 6 PLUS,16GB,B2,540,unlocked,https://res.cloudinary.com/skybound/image/upload/v1591145226/eventmanager/Phone/iphone_6s_plus.png
240,iPhone 6 PLUS,16GB,C,535,unlocked,https://res.cloudinary.com/skybound/image/upload/v1591145226/eventmanager/Phone/iphone_6s_plus.png
241,iPhone 6 PLUS,16GB,C/B,530,unlocked,https://res.cloudinary.com/skybound/image/upload/v1591145226/eventmanager/Phone/iphone_6s_plus.png
242,iPhone 6 PLUS,16GB,C/D,525,unlocked,https://res.cloudinary.com/skybound/image/upload/v1591145226/eventmanager/Phone/iphone_6s_plus.png
243,iPhone 6 PLUS,64GB,New,80,unlocked,https://res.cloudinary.com/skybound/image/upload/v1591145226/eventmanager/Phone/iphone_6s_plus.png
244,iPhone 6 PLUS,64GB,A1,75,unlocked,https://res.cloudinary.com/skybound/image/upload/v1591145226/eventmanager/Phone/iphone_6s_plus.png
245,iPhone 6 PLUS,64GB,A2,70,unlocked,https://res.cloudinary.com/skybound/image/upload/v1591145226/eventmanager/Phone/iphone_6s_plus.png
246,iPhone 6 PLUS,64GB,B1,65,unlocked,https://res.cloudinary.com/skybound/image/upload/v1591145226/eventmanager/Phone/iphone_6s_plus.png
227,iPhone 6 PLUS,64GB,B2,60,unlocked,https://res.cloudinary.com/skybound/image/upload/v1591145226/eventmanager/Phone/iphone_6s_plus.png
228,iPhone 6 PLUS,64GB,C,55,unlocked,https://res.cloudinary.com/skybound/image/upload/v1591145226/eventmanager/Phone/iphone_6s_plus.png
229,iPhone 6 PLUS,64GB,C/B,50,unlocked,https://res.cloudinary.com/skybound/image/upload/v1591145226/eventmanager/Phone/iphone_6s_plus.png
230,iPhone 6 PLUS,64GB,C/D,45,unlocked,https://res.cloudinary.com/skybound/image/upload/v1591145226/eventmanager/Phone/iphone_6s_plus.png
231,iPhone 6 PLUS,128GB,New,100,unlocked,https://res.cloudinary.com/skybound/image/upload/v1591145226/eventmanager/Phone/iphone_6s_plus.png
232,iPhone 6 PLUS,128GB,A1,95,unlocked,https://res.cloudinary.com/skybound/image/upload/v1591145226/eventmanager/Phone/iphone_6s_plus.png
233,iPhone 6 PLUS,128GB,A2,90,unlocked,https://res.cloudinary.com/skybound/image/upload/v1591145226/eventmanager/Phone/iphone_6s_plus.png
234,iPhone 6 PLUS,128GB,B1,85,unlocked,https://res.cloudinary.com/skybound/image/upload/v1591145226/eventmanager/Phone/iphone_6s_plus.png
235,iPhone 6 PLUS,128GB,B2,80,unlocked,https://res.cloudinary.com/skybound/image/upload/v1591145226/eventmanager/Phone/iphone_6s_plus.png
236,iPhone 6 PLUS,128GB,C,75,unlocked,https://res.cloudinary.com/skybound/image/upload/v1591145226/eventmanager/Phone/iphone_6s_plus.png
237,iPhone 6 PLUS,128GB,C/B,70,unlocked,https://res.cloudinary.com/skybound/image/upload/v1591145226/eventmanager/Phone/iphone_6s_plus.png
238,iPhone 6 PLUS,128GB,C/D,65,unlocked,https://res.cloudinary.com/skybound/image/upload/v1591145226/eventmanager/Phone/iphone_6s_plus.png
239,iPhone 6 PLUS,128GB,C/D,65,unlocked,https://res.cloudinary.com/skybound/image/upload/v1591145226/eventmanager/Phone/iphone_6s_plus.png
240,iPhone 6,16GB,New,60,unlocked,https://res.cloudinary.com/skybound/image/upload/v1591145225/eventmanager/Phone/iphone_6.png
241,iPhone 6,16GB,A1,55,unlocked,https://res.cloudinary.com/skybound/image/upload/v1591145225/eventmanager/Phone/iphone_6.png
242,iPhone 6,16GB,A2,50,unlocked,https://res.cloudinary.com/skybound/image/upload/v1591145225/eventmanager/Phone/iphone_6.png
243,iPhone 6,16GB,B1,45,unlocked,https://res.cloudinary.com/skybound/image/upload/v1591145225/eventmanager/Phone/iphone_6.png
244,iPhone 6,16GB,B2,40,unlocked,https://res.cloudinary.com/skybound/image/upload/v1591145225/eventmanager/Phone/iphone_6.png
245,iPhone 6,16GB,C,35,unlocked,https://res.cloudinary.com/skybound/image/upload/v1591145225/eventmanager/Phone/iphone_6.png
246,iPhone 6,16GB,C/B,30,unlocked,https://res.cloudinary.com/skybound/image/upload/v1591145225/eventmanager/Phone/iphone_6.png
247,iPhone 6,16GB,C/D,25,unlocked,https://res.cloudinary.com/skybound/image/upload/v1591145225/eventmanager/Phone/iphone_6.png
248,iPhone 6,64GB,New,80,unlocked,https://res.cloudinary.com/skybound/image/upload/v1591145225/eventmanager/Phone/iphone_6.png
249,iPhone 6,64GB,A1,75,unlocked,https://res.cloudinary.com/skybound/image/upload/v1591145225/eventmanager/Phone/iphone_6.png
240,iPhone 6,64GB,A2,70,unlocked,https://res.cloudinary.com/skybound/image/upload/v1591145225/eventmanager/Phone/iphone_6.png
241,iPhone 6,64GB,B1,65,unlocked,https://res.cloudinary.com/skybound/image/upload/v1591145225/eventmanager/Phone/iphone_6.png
242,iPhone 6,64GB,B2,60,unlocked,https://res.cloudinary.com/skybound/image/upload/v1591145225/eventmanager/Phone/iphone_6.png
243,iPhone 6,64GB,C,55,unlocked,https://res.cloudinary.com/skybound/image/upload/v1591145225/eventmanager/Phone/iphone_6.png
244,iPhone 6,64GB,C/B,50,unlocked,https://res.cloudinary.com/skybound/image/upload/v1591145225/eventmanager/Phone/iphone_6.png
245,iPhone 6,64GB,C/D,45,unlocked,https://res.cloudinary.com/skybound/image/upload/v1591145225/eventmanager/Phone/iphone_6.png
246,iPhone 6,128GB,New,100,unlocked,https://res.cloudinary.com/skybound/image/upload/v1591145225/eventmanager/Phone/iphone_6.png
247,iPhone 6,128GB,A1,95,unlocked,https://res.cloudinary.com/skybound/image/upload/v1591145225/eventmanager/Phone/iphone_6.png
248,iPhone 6,128GB,A2,90,unlocked,https://res.cloudinary.com/skybound/image/upload/v1591145225/eventmanager/Phone/iphone_6.png
249,iPhone 6,128GB,B1,85,unlocked,https://res.cloudinary.com/skybound/image/upload/v1591145225/eventmanager/Phone/iphone_6.png
250,iPhone 6,128GB,B2,80,unlocked,https://res.cloudinary.com/skybound/image/upload/v1591145225/eventmanager/Phone/iphone_6.png
251,iPhone 6,128GB,C,75,unlocked,https://res.cloudinary.com/skybound/image/upload/v1591145225/eventmanager/Phone/iphone_6.png
252,iPhone 6,128GB,C/B,70,unlocked,https://res.cloudinary.com/skybound/image/upload/v1591145225/eventmanager/Phone/iphone_6.png
253,iPhone 6,128GB,C/D,65,unlocked,https://res.cloudinary.com/skybound/image/upload/v1591145225/eventmanager/Phone/iphone_6.png
254,iPhone SE,64GB,New,40,unlocked,https://res.cloudinary.com/skybound/image/upload/v1591145225/eventmanager/Phone/5C.png
255,iPhone SE,16GB,A1,35,unlocked,https://res.cloudinary.com/skybound/image/upload/v1591145225/eventmanager/Phone/5C.png
256,iPhone SE,16GB,A2,30,unlocked,https://res.cloudinary.com/skybound/image/upload/v1591145225/eventmanager/Phone/5C.png
257,iPhone SE,16GB,B1,25,unlocked,https://res.cloudinary.com/skybound/image/upload/v1591145225/eventmanager/Phone/5C.png
258,iPhone SE,16GB,B2,20,unlocked,https://res.cloudinary.com/skybound/image/upload/v1591145225/eventmanager/Phone/5C.png
259,iPhone SE,16GB,C,15,unlocked,https://res.cloudinary.com/skybound/image/upload/v1591145225/eventmanager/Phone/5C.png
300,iPhone SE,16GB,C/B,10,unlocked,https://res.cloudinary.com/skybound/image/upload/v1591145225/eventmanager/Phone/5C.png
301,iPhone SE,16GB,C/D,5,unlocked,https://res.cloudinary.com/skybound/image/upload/v1591145225/eventmanager/Phone/5C.png
302,iPhone SE,64GB,New,60,unlocked,https://res.cloudinary.com/skybound/image/upload/v1591145225/eventmanager/Phone/5C.png
303,iPhone SE,64GB,A1,55,unlocked,https://res.cloudinary.com/skybound/image/upload/v1591145225/eventmanager/Phone/5C.png
304,iPhone SE,64GB,A2,50,unlocked,https://res.cloudinary.com/skybound/image/upload/v1591145225/eventmanager/Phone/5C.png
305,iPhone SE,64GB,B1,45,unlocked,https://res.cloudinary.com/skybound/image/upload/v1591145225/eventmanager/Phone/5C.png
306,iPhone SE,64GB,B2,40,unlocked,https://res.cloudinary.com/skybound/image/upload/v1591145225/eventmanager/Phone/5C.png
307,iPhone SE,64GB,C,35,unlocked,https://res.cloudinary.com/skybound/image/upload/v1591145225/eventmanager/Phone/5C.png
308,iPhone SE,64GB,C/B,30,unlocked,https://res.cloudinary.com/skybound/image/upload/v1591145225/eventmanager/Phone/5C.png
309,iPhone SE,64GB,C/D,25,unlocked,https://res.cloudinary.com/skybound/image/upload/v1591145225/eventmanager/Phone/5C.png
310,iPhone SE,128GB,New,80,unlocked,https://res.cloudinary.com/skybound/image/upload/v1591145225/eventmanager/Phone/5C.png
311,iPhone SE,128GB,A1,75,unlocked,https://res.cloudinary.com/skybound/image/upload/v1591145225/eventmanager/Phone/5C.png
312,iPhone SE,128GB,A2,70,unlocked,https://res.cloudinary.com/skybound/image/upload/v1591145225/eventmanager/Phone/5C.png
313,iPhone SE,128GB,B1,65,unlocked,https://res.cloudinary.com/skybound/image/upload/v1591145225/eventmanager/Phone/5C.png
314,iPhone SE,128GB,B2,60,unlocked,https://res.cloudinary.com/skybound/image/upload/v1591145225/eventmanager/Phone/5C.png
315,iPhone SE,128GB,C,55,unlocked,https://res.cloudinary.com/skybound/image/upload/v1591145225/eventmanager/Phone/5C.png
316,iPhone SE,128GB,C/B,50,unlocked,https://res.cloudinary.com/skybound/image/upload/v1591145225/eventmanager/Phone/5C.png
317,iPhone SE,128GB,C/D,45,unlocked,https://res.cloudinary.com/skybound/image/upload/v1591145225/eventmanager/Phone/5C.png